firma,kurum_tipi,sektor,rusya_baglantisi,email,telefon,web,kaynak
"Tolkun Logistics","Firma","Uluslararası lojistik ve taşımacılık","Resmi şirket profili Türkiye merkezli Tolkun Logisticsin Azerbaycan Kazakistan ve Özbekistanda stratejik lokasyonları olduğunu ve Baküde TransLogistica Caspian fuarında iş ortaklarıyla görüştüğünü belirtiyor","info@tolkun.org","+90 216 348 73 46; +90 216 348 73 48","https://tolkun.org","https://tolkun.org/"
"Baytur Global Lojistik A.Ş.","Firma","Lojistik parsiyel ve karayolu taşımacılığı","Kamuya açık şirket profili İstanbul merkezli Baytur Globalin Orta Asya ve Rusyaya parsiyel taşımacılık sunduğunu belirtiyor","depo@bayturtransport.com; info@bayturtransport.com","+90 532 012 98 97; +90 216 573 08 00; +90 216 573 41 11","https://bayturtransport.com","https://bayturtransport.com/"
"MSK Global Elektronik","Firma","BT altyapısı ağ güvenliği ve sistem entegrasyonu","Kamuya açık şirket profili Türkiye merkezli MSK Globalin Özbekistan bağlantılı çalışan yapısını ve genel iletişim adreslerini listeliyor","info@mskglobal.net; satis@mskglobal.net","+90 212 220 22 33; +90 212 324 48 44","https://mskglobal.net","https://mskglobal.net/"
"MÜHENDİS İnşaat Yönetim A.Ş.","Firma","Proje inşaat ve iş yönetimi danışmanlığı","Kamuya açık şirket profili Türkiye merkezli Mühendis İnşaat Yönetiminin Özbekistan ve Rusya bağlantılı çalışan yapısını belirtiyor","info@muhendis-mcs.com","+90 212 801 84 55; +90 212 801 83 82","https://muhendis-mcs.com","https://muhendis-mcs.com/"
"Golden Global Yatırım Bankası A.Ş.","Banka","Yatırım bankacılığı ve dış ticaret finansmanı","Kamuya açık şirket profili Türkiye merkezli Golden Global Investment Bankin Azerbaycan bağlantılı faaliyet ve çalışan yapısını listeliyor","info.ggbank@goldenglobalbank.com.tr","+90 850 290 34 14; +90 212 215 26 41","https://goldenglobalbank.com.tr","https://goldenglobalbank.com.tr/"
"GENELTON International Trade JSC","Firma","Tarım ürünleri ve tahıl dış ticareti","Kamuya açık şirket profili Rusyanın güneyi Kazakistan ve Ukraynadan tarım ürünü tedarik edip Ortadoğuya ihraç ettiğini ve Rostov merkezli bir Rus ihracatçıyla özel distribütörlük yaptığını belirtiyor","info@genelton.com","+90 212 211 23 00; +90 552 366 94 96","https://genelton.com","https://genelton.com/"
"ATU Co Ltd.","Firma","Dış ticaret üretici eşleştirme ve danışmanlık","Kamuya açık şirket profili Ankara merkezli ATU Counun ana operasyon bölgelerini Türkiye ve Rusya CIS olarak tanımlıyor","info@atunet.ltd","+90 850 522 34 03","https://atunet.ltd","https://atunet.ltd/"
"Turu Global Lojistik","Firma","Karayolu lojistiği gümrükleme ve depolama","Resmi şirket sitesi Turu Global Lojistiğin Rusya ile ticaret ve Rusya operasyonları hakkında hizmet içeriği yayımlıyor","info@turulojistik.com.tr","+90 216 680 00 20","https://turulojistik.com.tr","https://turulojistik.com.tr/rusya-ile-ticarette-en-sik-yapilan-7-kritik-hata/"
"Mezova Dış Ticaret Lojistik","Firma","Uluslararası lojistik ve dış ticaret","Resmi Mezova sayfası Rusya ile birlikte Kazakistan Özbekistan Türkmenistan Kırgızistan Tacikistan ve Azerbaycan faaliyet bölgelerini listeliyor","ahmet@mezova.com.tr","+90 543 414 13 11","https://mezova.com.tr","https://mezova.com.tr/rusya"
